Domain,AUC_mean,CI_low,CI_high,n_questions
Sports,0.9195024368052178,0.5,1.0,17
Social Sciences,0.9234371277174154,0.8333333333333334,0.9955584415584416,84
Entertainment,0.9279369627507164,0.5904166666666667,1.0,12
STEM,0.9447075554726019,0.8820434390153913,0.9991981907894736,129
Humanities,0.9688108423506419,0.9320249180753383,0.9944930173092053,201
