Feature,KS_stat,p_value,sig
H_sem,0.6639884088514225,2.3227955528764046e-51,***
D_cos,0.6811116965226555,2.658822257128482e-54,***
M_bar,0.8882376185458377,1.5100462086028488e-101,***
K,0.6309931506849316,5.88088930361004e-46,***
sig2_S,0.473063751317176,3.8635260990193152e-25,***
