Domain,n_correct,n_incorrect,Intra_correct,Intra_incorrect,Inter_distance,Separability
Humanities,1353,2461,0.8043290376663208,0.8484338521957397,0.10677766799926758,0.1292111151019975
Medicine & Health,44,276,0.6329770684242249,0.7277946472167969,0.12134289741516113,0.17834423808231717
STEM,205,2522,0.7983453869819641,0.8274537920951843,0.052572548389434814,0.06467286866169027
Social Sciences,587,1979,0.5384463667869568,0.6100529432296753,0.04068070650100708,0.07084149924364712
Sports,188,376,0.5399751663208008,0.7464355230331421,0.2178436517715454,0.33868445524284546
