Domain,n_responses,PC1_var,PC1_alignment,PCs_for_80pct,PCs_for_95pct,Cum_var_5PCs
Humanities,3814,0.1006845235824585,0.57391357421875,10,10,0.2928597331047058
Medicine & Health,320,0.16912682354450226,0.0016517497133463621,10,10,0.40345606207847595
STEM,2727,0.12897372245788574,0.26750648021698,10,10,0.32489579916000366
Social Sciences,2566,0.14899440109729767,0.25089728832244873,10,10,0.39312267303466797
Sports,564,0.18023622035980225,0.6324142813682556,10,10,0.44962555170059204
