Domain,AUC_mean,CI_low,CI_high,n_questions
STEM,0.6137644308372926,0.43,0.9782608695652174,137
Medicine & Health,0.6773237038341846,0.25,1.0,16
Social Sciences,0.8048326765642537,0.643510101010101,0.9425016891891892,126
Humanities,0.9310814060198248,0.8705521978021978,0.974201818885449,193
Sports,0.9725578170266723,0.875,1.0,28
