domain,n_questions,n_hallucinated,hall_rate_mean,hall_rate_std,mean_entropy,mean_frac_refused,pct_hallucinated,in_analysis
STEM,137,135,0.9262773722627737,0.1313224998601337,3.6332965530488117,0.0,98.5,True
Medicine & Health,16,14,0.8625,0.21330729007701546,3.2952180321882807,0.0,87.5,True
Social Sciences,126,105,0.7841269841269841,0.26673213482074437,1.9756929072981173,0.0,83.3,True
Humanities,193,127,0.6430051813471502,0.38015934840714777,2.276165675544999,0.0005181347150259067,65.8,True
Sports,28,17,0.6267857142857143,0.4199828353761401,2.623469646455613,0.0,60.7,True
