Feature,KS_stat,p_value,sig
H_sem,0.5799253615300887,1.1489833042799269e-26,***
D_cos,0.620121287513606,9.49881241268825e-31,***
M_bar,0.6957445705696367,1.1420266369999451e-39,***
K,0.5459752241745711,1.8093221796591514e-23,***
sig2_S,0.33869797335821283,5.131857084188236e-09,***
