Feature,KS_stat,p_value,sig
H_sem,0.6273524485170953,7.7500615245289305e-31,***
D_cos,0.5486747462804217,3.6248871481402095e-23,***
M_bar,0.6602620947876638,1.864070981352245e-34,***
K,0.6004532466252833,4.779461327077117e-28,***
sig2_S,0.1624297960390186,0.024037011224782034,*
