Domain,AUC_mean,CI_low,CI_high,n_questions
Law & Business,0.874679926600671,0.5625,1.0,35
Medicine & Health,0.9001345397751362,0.757564935064935,1.0,50
Social Sciences,0.9016930874973708,0.8115239277529194,0.9648311688311688,169
Humanities,0.9189498178153549,0.8439346590909091,0.977961432506887,126
STEM,0.9376702947971576,0.8561820652173913,0.9965034965034965,101
