Feature,KS_stat,p_value,sig
H_sem,0.39285714285714285,1.9752007044783605e-14,***
D_cos,0.3761904761904762,3.060979681770429e-13,***
M_bar,0.8107142857142857,6.194696537438566e-68,***
K,0.3686507936507937,1.0126904605865895e-12,***
sig2_S,0.15515873015873016,0.013775045726167846,*
