Domain,AUC_mean,CI_low,CI_high,n_questions
Social Sciences,0.7165588268710887,0.34375,1.0,88
STEM,0.7635729490032962,0.3784807534807535,1.0,105
Humanities,0.827708599378122,0.6381950566493616,0.9714285714285714,248
Entertainment,0.8789304135580732,0.5,1.0,19
