Domain,Classifier,AUC_mean,AUC_std
Arts & Literature,Logistic Regression,0.7723646723646724,0.2320047121843846
Arts & Literature,Random Forest,0.9712250712250713,0.024281795729529942
Arts & Literature,XGBoost,0.9138176638176638,0.09643990370770159
General Knowledge,Logistic Regression,0.8983957219251337,0.048230564183605155
General Knowledge,Random Forest,0.883868092691622,0.047487271692508645
General Knowledge,XGBoost,0.8408645276292335,0.09181986709235189
History & Geography,Logistic Regression,0.9373684210526315,0.061477649475574075
History & Geography,Random Forest,0.9505263157894737,0.04879148919927071
History & Geography,XGBoost,0.8423684210526317,0.18976658647064348
