domain_canonical,n_questions,n_hallucinated,hall_rate_mean,hall_rate_std,mean_entropy,mean_frac_refused,pct_hallucinated,in_analysis
Medicine & Health,7,1,0.12142857142857144,0.29980152164549195,0.7653177780075195,0.0,14.3,False
Entertainment,19,2,0.11842105263157894,0.26257830912139835,0.5693237997407821,0.0,10.5,True
Humanities,248,19,0.10435371517027864,0.22802810107591948,0.7418141058742642,0.0012096774193548388,7.7,True
Social Sciences,88,5,0.10308014354066986,0.19999252604516116,0.8678374125166793,0.0005681818181818183,5.7,True
Sports,11,1,0.10167464114832536,0.1856122336601531,0.9649773746043191,0.004545454545454546,9.1,True
STEM,105,7,0.09322751322751323,0.20728651667553724,0.7425471373047225,0.0009523809523809524,6.7,True
Law & Business,22,1,0.07500000000000001,0.18110112933833142,0.9381133827971724,0.0,4.5,True
