Feature,KS_stat,p_value,sig
H_sem,0.5554339897884756,1.2748272321834601e-11,***
D_cos,0.5915911222256955,2.97385455383691e-13,***
M_bar,0.6675523601125352,3.2617814032083354e-17,***
K,0.5275085964363864,1.8711698921024432e-10,***
sig2_S,0.5830988850682505,7.464785722906486e-13,***
