Feature,KS_stat,p_value,sig
H_sem,0.47701149425287354,1.7482368681348592e-07,***
D_cos,0.5416666666666666,1.1786122904571333e-09,***
M_bar,0.5648946360153256,1.5565771441249436e-10,***
K,0.4571360153256705,6.920702784186505e-07,***
sig2_S,0.6024904214559387,4.692466938993873e-12,***
