Model,CV_R2,CV_MSE,CV_MAE,Train_R2,Val_R2,Val_MSE,Val_MAE,Test_R2,Test_MSE,Test_MAE,Test_Pearson_r,Overfit_Gap_Val,Overfit_Gap_Test
Ridge,0.2586526967267102,0.03715280242219463,0.10460568202274921,0.29216788159970564,0.40025623357308227,0.022899062439683638,0.0867468808531159,0.5189804095910788,0.02039241315332895,0.07753327754977613,0.7419023423919733,-0.10808835197337663,-0.2268125279913732
Lasso,0.2322887172172161,0.03847403973897481,0.10659268080543155,0.29222895696174944,0.3660532041599026,0.02420498231747561,0.08941345023938209,0.5176910319278623,0.02044707521396692,0.07846614293305981,0.7435523440262082,-0.07382424719815317,-0.2254620749661128
ElasticNet,0.24184316693540064,0.03799521614163363,0.10952755710747555,0.2814471391170362,0.35353549631196923,0.024682926048878236,0.09432143764806337,0.4824009558075596,0.02194316773661419,0.08644147748231493,0.738454919500506,-0.072088357194933,-0.20095381669052337
Random Forest,0.3721091056680006,0.031466906585903204,0.09071780006829187,0.7006319512475654,0.22506264480285576,0.029588200623115738,0.09539337349673244,0.5317421254493372,0.019851391150242214,0.06159008737425873,0.7482502431675908,0.4755693064447096,0.1688898257982282
XGBoost,0.30500964565946986,0.03482961252592049,0.093836939990438,0.7810075862674412,0.3262700677916339,0.025723958544891633,0.08996399312923874,0.5376683267827231,0.019600154925294537,0.0596160316874722,0.7489830676838676,0.45473751847580723,0.24333925948471802
SVR (RBF),0.31525293445943003,0.03431626758859075,0.09695039980494002,0.5579730282039542,0.563348763571622,0.016671959738587656,0.08081356694235758,0.5637776782317927,0.018493271354373307,0.07166073859076025,0.7768711666568106,-0.005375735367667778,-0.005804650027838476
AdaBoost,0.3365475923266521,0.033249080572605234,0.09022710525740539,0.7554303520980992,-0.03970657830326729,0.039697462797085234,0.10070145796815891,0.44426441117547655,0.023559933851517487,0.06611142411827464,0.6693660484628239,0.7951369304013665,0.3111659409226226
