Feature,KS_stat,p_value,sig,Significant
H_sem,0.5927,9.80342218915204e-202,***,True
D_cos,0.5603,5.868545692044803e-179,***,True
D_cos_var,0.3323,8.211381407891153e-61,***,True
D_pair,0.5603,5.868545692044803e-179,***,True
M_bar,0.576,9.469400060483503e-190,***,True
K,0.5792,5.16882994215214e-192,***,True
sig2_S,0.3382,4.8398085638516914e-63,***,True
