Feature,KS_stat,p_value,sig,Significant
H_sem,0.6274,7.7500615245289305e-31,***,True
D_cos,0.5487,3.6248871481402095e-23,***,True
D_cos_var,0.1069,0.2871090429488754,ns,False
D_pair,0.5487,3.6248871481402095e-23,***,True
M_bar,0.6603,1.864070981352245e-34,***,True
K,0.6005,4.779461327077117e-28,***,True
sig2_S,0.1624,0.024037011224782034,*,False
