Feature,KS_stat,p_value,sig,Significant
H_sem,0.477,1.7482368681348592e-07,***,True
D_cos,0.5417,1.1786122904571333e-09,***,True
D_cos_var,0.5556,3.5035066701109594e-10,***,True
D_pair,0.5417,1.1786122904571333e-09,***,True
K,0.4571,6.920702784186505e-07,***,True
sig2_S,0.6025,4.692466938993873e-12,***,True
