Feature,KS_stat,p_value,sig,Significant
H_sem,0.3076,1.3448032355261838e-07,***,True
D_cos,0.3063,1.5523107072287934e-07,***,True
D_cos_var,0.0766,0.6689627474652113,ns,False
D_pair,0.3063,1.5523107072287934e-07,***,True
K,0.306,1.600439117328753e-07,***,True
sig2_S,0.0834,0.5639894528447014,ns,False
