Feature,KS_stat,p_value,sig,Significant
H_sem,0.664,2.3227955528764046e-51,***,True
D_cos,0.6811,2.658822257128482e-54,***,True
D_cos_var,0.4594,1.1180559299286294e-23,***,True
D_pair,0.6811,2.658822257128482e-54,***,True
K,0.631,5.88088930361004e-46,***,True
sig2_S,0.4731,3.8635260990193152e-25,***,True
