Feature,KS_stat,p_value,sig,Significant
H_sem,0.3929,1.9752007044783605e-14,***,True
D_cos,0.3762,3.060979681770429e-13,***,True
D_cos_var,0.1421,0.03061996464490008,*,False
D_pair,0.3762,3.060979681770429e-13,***,True
M_bar,0.8107,6.194696537438566e-68,***,True
K,0.3687,1.0126904605865895e-12,***,True
sig2_S,0.1552,0.013775045726167846,*,False
