Domain,AUC_mean,CI_low,CI_high,n_questions
Medicine & Health,0.7825161033007103,0.48634848484848486,1.0,55
Social Sciences,0.8716826273654479,0.7402728174603175,0.9715762273901808,145
Law & Business,0.9121407712666603,0.5613395061728396,1.0,72
STEM,0.9316819262905303,0.8643091347161115,0.978725016118633,153
Humanities,0.9424655056545442,0.7924791666666667,1.0,72
