domain_canonical,n_questions,n_hallucinated,hall_rate_mean,hall_rate_std,mean_entropy,mean_frac_refused,pct_hallucinated,in_analysis
Entertainment,1,1,0.9,,3.8219280948642798,0.0,100.0,False
Law & Business,72,66,0.8104166666666667,0.18744717565749516,4.022348624437257,0.0,91.7,True
Medicine & Health,55,43,0.72,0.19827963792284575,3.6833464690990683,0.0,78.2,True
Social Sciences,145,112,0.7155172413793104,0.2324027007710334,3.942963750433916,0.0,77.2,True
STEM,153,118,0.7150326797385621,0.24575909305607685,3.7362192285138427,0.0,77.1,True
Humanities,72,51,0.699780701754386,0.2419185593633558,3.8872884861116646,0.0006944444444444445,70.8,True
Food & Nutrition,1,1,0.65,,3.541446071145323,0.0,100.0,False
Sports,1,0,0.35,,3.784183719757547,0.0,0.0,False
