Feature,KS_stat,p_value,sig
H_sem,0.30763416477702193,1.3448032355261838e-07,***
D_cos,0.3063114134542706,1.5523107072287934e-07,***
M_bar,0.7348828420256992,1.1660944349001957e-45,***
K,0.30602796674225247,1.600439117328753e-07,***
sig2_S,0.08342781557067272,0.5639894528447014,ns
